algorithm,episode,reward,loss,epsilon,handover_success_rate_pct,sinr_db,learning_rate,batch_size
QMIX,1,17.32,65.6897,0.9981,69.99,14.72,0.0005,32
MAPPO,1,16.64,58.4387,,62.48,13.64,0.0005,32
QMIX,2,14.59,76.8727,0.9962,66.92,12.4,0.0005,32
MAPPO,2,9.89,110.5799,,57.6,8.11,0.0005,32
QMIX,3,18.14,37.6405,0.9943,61.21,15.42,0.0005,32
MAPPO,3,13.13,84.1246,,64.8,10.76,0.0005,32
QMIX,4,22.02,60.2192,0.9924,56.66,18.72,0.0005,32
MAPPO,4,12.36,90.1134,,61.9,10.14,0.0005,32
QMIX,5,14.48,45.8704,0.9905,66.04,12.31,0.0005,32
MAPPO,5,20.41,70.4743,,55.43,16.74,0.0005,32
QMIX,6,14.58,47.4776,0.9886,64.22,12.4,0.0005,32
MAPPO,6,13.32,108.1102,,77.1,10.92,0.0005,32
QMIX,7,22.39,46.012,0.9867,67.8,19.03,0.0005,32
MAPPO,7,18.51,117.9571,,71.18,15.18,0.0005,32
QMIX,8,19.01,42.6996,0.9848,66.29,16.16,0.0005,32
MAPPO,8,26.9,81.1998,,54.27,22.06,0.0005,32
QMIX,9,13.9,52.6287,0.9829,69.24,11.82,0.0005,32
MAPPO,9,22.82,102.3688,,57.39,18.71,0.0005,32
QMIX,10,18.21,42.5947,0.981,59.1,15.48,0.0005,32
MAPPO,10,13.68,58.8238,,70.89,11.22,0.0005,32
QMIX,11,14.14,54.4283,0.9791,71.38,12.02,0.0005,32
MAPPO,11,14.3,77.2243,,74.91,11.73,0.0005,32
QMIX,12,14.24,50.6098,0.9772,64.36,12.1,0.0005,32
MAPPO,12,18.65,60.8148,,73.63,15.29,0.0005,32
QMIX,13,17.21,48.273,0.9753,76.59,14.63,0.0005,32
MAPPO,13,8,72.4558,,49.36,6.56,0.0005,32
QMIX,14,10,40.8394,0.9734,59.2,8.5,0.0005,32
MAPPO,14,11.98,60.2585,,63.38,9.83,0.0005,32
QMIX,15,10,44.124,0.9715,74.76,8.5,0.0005,32
MAPPO,15,19.05,69.4212,,72.98,15.62,0.0005,32
QMIX,16,14.27,57.8891,0.9696,65.29,12.13,0.0005,32
MAPPO,16,16.0,83.4461,,60.46,13.12,0.0005,32
QMIX,17,12.61,54.8705,0.9677,60.24,10.72,0.0005,32
MAPPO,17,26.42,48.0197,,73.58,21.66,0.0005,32
QMIX,18,17.9,39.2257,0.9658,61.54,15.21,0.0005,32
MAPPO,18,13.74,53.419,,60.95,11.27,0.0005,32
QMIX,19,13.25,50.0715,0.9639,62.79,11.26,0.0005,32
MAPPO,19,11.76,65.5874,,65.44,9.64,0.0005,32
QMIX,20,11.42,56.4133,0.962,67.58,9.71,0.0005,32
MAPPO,20,12.66,80.0627,,58.18,10.39,0.0005,32
QMIX,21,22.51,31.5972,0.9601,68.39,19.13,0.0005,32
MAPPO,21,17.15,95.9448,,58.56,14.06,0.0005,32
QMIX,22,16.16,53.6264,0.9582,62.0,13.73,0.0005,32
MAPPO,22,16.4,64.4205,,57.03,13.45,0.0005,32
QMIX,23,17.35,41.3022,0.9563,65.53,14.74,0.0005,32
MAPPO,23,27.8,68.4797,,62.57,22.8,0.0005,32
QMIX,24,11.87,53.2369,0.9544,78.61,10.09,0.0005,32
MAPPO,24,15.48,62.1948,,56.86,12.69,0.0005,32
QMIX,25,15.25,39.8533,0.9525,76.31,12.96,0.0005,32
MAPPO,25,17.69,59.7118,,73.59,14.5,0.0005,32
QMIX,26,17.74,29.5165,0.9506,68.9,15.08,0.0005,32
MAPPO,26,21.58,69.5761,,60.97,17.7,0.0005,32
QMIX,27,13.23,31.0841,0.9487,66.79,11.24,0.0005,32
MAPPO,27,17.11,60.5919,,65.8,14.03,0.0005,32
QMIX,28,18.86,46.9456,0.9468,67.48,16.03,0.0005,32
MAPPO,28,20.19,77.2477,,61.96,16.56,0.0005,32
QMIX,29,15.42,48.6732,0.9449,70.52,13.11,0.0005,32
MAPPO,29,19.53,63.2457,,73.04,16.02,0.0005,32
QMIX,30,16.62,37.4286,0.943,61.38,14.12,0.0005,32
MAPPO,30,21.56,73.594,,65.67,17.68,0.0005,32
QMIX,31,15.6,51.6255,0.9411,65.97,13.26,0.0005,32
MAPPO,31,11.76,79.1604,,69.8,9.64,0.0005,32
QMIX,32,24.31,30.0062,0.9392,58.24,20.67,0.0005,32
MAPPO,32,21.52,74.147,,66.56,17.65,0.0005,32
QMIX,33,17.84,44.5187,0.9373,70.08,15.16,0.0005,32
MAPPO,33,17.5,54.305,,74.88,14.35,0.0005,32
QMIX,34,14.3,33.8176,0.9354,71.65,12.15,0.0005,32
MAPPO,34,18.97,69.1221,,64.68,15.56,0.0005,32
QMIX,35,20.86,38.6974,0.9335,65.59,17.73,0.0005,32
MAPPO,35,16.61,71.8754,,53.28,13.62,0.0005,32
QMIX,36,13.94,44.7569,0.9316,77.1,11.85,0.0005,32
MAPPO,36,25.29,59.9516,,68.6,20.73,0.0005,32
QMIX,37,18.89,36.4061,0.9297,61.98,16.06,0.0005,32
MAPPO,37,9.89,80.4568,,67.99,8.11,0.0005,32
QMIX,38,11.66,40.4115,0.9278,60.94,9.91,0.0005,32
MAPPO,38,24.25,59.6013,,64.69,19.88,0.0005,32
QMIX,39,13.89,52.3783,0.9259,70.28,11.81,0.0005,32
MAPPO,39,15.78,54.5814,,64.33,12.94,0.0005,32
QMIX,40,19.06,38.2756,0.924,74.87,16.2,0.0005,32
MAPPO,40,24.82,52.9693,,66.68,20.36,0.0005,32
QMIX,41,20.91,50.2594,0.9221,78.42,17.77,0.0005,32
MAPPO,41,23.61,63.3979,,67.61,19.36,0.0005,32
QMIX,42,19.1,33.1071,0.9202,67.24,16.24,0.0005,32
MAPPO,42,22.82,68.1508,,73.52,18.71,0.0005,32
QMIX,43,18.24,47.0441,0.9183,75.52,15.5,0.0005,32
MAPPO,43,22.12,56.6572,,65.92,18.14,0.0005,32
QMIX,44,17.71,54.456,0.9164,69.85,15.05,0.0005,32
MAPPO,44,27.8,70.7171,,72.94,22.8,0.0005,32
QMIX,45,14.01,21.3377,0.9145,69.35,11.91,0.0005,32
MAPPO,45,16.67,80.6158,,56.24,13.67,0.0005,32
QMIX,46,16.53,35.1703,0.9126,74.99,14.05,0.0005,32
MAPPO,46,16.81,48.3671,,69.9,13.79,0.0005,32
QMIX,47,17.43,46.3112,0.9107,73.96,14.82,0.0005,32
MAPPO,47,16.61,65.0356,,58.89,13.62,0.0005,32
QMIX,48,22.28,39.6449,0.9088,62.78,18.94,0.0005,32
MAPPO,48,22.71,72.7128,,73.35,18.62,0.0005,32
QMIX,49,20.1,44.0822,0.9069,78.47,17.08,0.0005,32
MAPPO,49,14.37,50.1826,,84.43,11.78,0.0005,32
QMIX,50,13.61,35.9552,0.905,78.12,11.57,0.0005,32
MAPPO,50,23.11,42.2365,,62.0,18.95,0.0005,32
QMIX,51,20.15,41.2817,0.9031,68.23,17.13,0.0005,32
MAPPO,51,18.32,61.952,,78.3,15.03,0.0005,32
QMIX,52,18.04,39.1152,0.9012,73.51,15.33,0.0005,32
MAPPO,52,15.53,59.4851,,64.85,12.73,0.0005,32
QMIX,53,17.22,49.3263,0.8993,74.16,14.64,0.0005,32
MAPPO,53,15.59,47.4209,,69.41,12.78,0.0005,32
QMIX,54,21.2,41.8753,0.8974,73.18,18.02,0.0005,32
MAPPO,54,16.7,59.8291,,74.99,13.69,0.0005,32
QMIX,55,22.51,42.275,0.8955,69.39,19.14,0.0005,32
MAPPO,55,14.3,57.4161,,65.09,11.73,0.0005,32
QMIX,56,22.26,36.2454,0.8936,68.99,18.92,0.0005,32
MAPPO,56,21.55,51.6084,,70.79,17.67,0.0005,32
QMIX,57,17.04,35.4603,0.8917,72.3,14.49,0.0005,32
MAPPO,57,22.8,59.0167,,64.2,18.7,0.0005,32
QMIX,58,18.69,35.6789,0.8898,78.23,15.88,0.0005,32
MAPPO,58,23.22,49.615,,77.1,19.04,0.0005,32
QMIX,59,20.63,41.7156,0.8879,75.36,17.54,0.0005,32
MAPPO,59,17.71,57.8372,,68.97,14.52,0.0005,32
QMIX,60,22.57,35.3636,0.886,71.18,19.18,0.0005,32
MAPPO,60,21.03,26.3605,,68.24,17.25,0.0005,32
QMIX,61,18.39,40.4473,0.8841,76.75,15.63,0.0005,32
MAPPO,61,20.04,46.7112,,68.93,16.43,0.0005,32
QMIX,62,19.31,53.3874,0.8822,59.92,16.41,0.0005,32
MAPPO,62,22.45,51.4519,,66.21,18.41,0.0005,32
QMIX,63,16.73,44.2341,0.8803,78.8,14.22,0.0005,32
MAPPO,63,21.65,39.1715,,70.5,17.76,0.0005,32
QMIX,64,16.55,35.2629,0.8784,65.54,14.07,0.0005,32
MAPPO,64,20.5,47.5474,,60.36,16.81,0.0005,32
QMIX,65,22.32,46.0905,0.8765,72.1,18.97,0.0005,32
MAPPO,65,14.02,43.7207,,82.63,11.5,0.0005,32
QMIX,66,23.89,34.2765,0.8746,68.8,20.31,0.0005,32
MAPPO,66,19.76,49.6337,,76.27,16.2,0.0005,32
QMIX,67,19.93,22.4823,0.8727,68.19,16.94,0.0005,32
MAPPO,67,20.74,36.4546,,72.55,17.01,0.0005,32
QMIX,68,22.98,29.652,0.8708,79.52,19.54,0.0005,32
MAPPO,68,18.14,36.0517,,63.65,14.88,0.0005,32
QMIX,69,21.25,23.4392,0.8689,72.31,18.06,0.0005,32
MAPPO,69,19.6,37.5711,,75.8,16.07,0.0005,32
QMIX,70,18.53,33.9059,0.867,76.13,15.75,0.0005,32
MAPPO,70,16.32,38.3351,,74.71,13.38,0.0005,32
QMIX,71,21.35,36.2735,0.8651,74.52,18.15,0.0005,32
MAPPO,71,19.56,36.8256,,67.64,16.04,0.0005,32
QMIX,72,24.6,47.4521,0.8632,77.0,20.91,0.0005,32
MAPPO,72,22.27,46.1492,,73.47,18.26,0.0005,32
QMIX,73,20.37,37.9629,0.8613,75.38,17.32,0.0005,32
MAPPO,73,27.35,63.4194,,72.05,22.43,0.0005,32
QMIX,74,24.73,34.0458,0.8594,69.56,21.02,0.0005,32
MAPPO,74,17.55,53.8473,,58.88,14.39,0.0005,32
QMIX,75,13.57,40.9032,0.8575,79.69,11.53,0.0005,32
MAPPO,75,20.73,31.5553,,74.64,17.0,0.0005,32
QMIX,76,22.82,20.362,0.8556,73.35,19.39,0.0005,32
MAPPO,76,17.85,56.5606,,77.98,14.64,0.0005,32
QMIX,77,20.91,36.487,0.8537,68.93,17.78,0.0005,32
MAPPO,77,20.62,50.912,,67.86,16.91,0.0005,32
QMIX,78,19.95,39.8015,0.8518,73.95,16.96,0.0005,32
MAPPO,78,20.27,43.7667,,72.15,16.62,0.0005,32
QMIX,79,21.03,24.8609,0.8499,82.35,17.87,0.0005,32
MAPPO,79,23.57,34.8546,,74.78,19.32,0.0005,32
QMIX,80,15.66,41.759,0.848,79.7,13.31,0.0005,32
MAPPO,80,24.03,57.8185,,70.44,19.71,0.0005,32
QMIX,81,20.32,36.3202,0.8461,74.76,17.27,0.0005,32
MAPPO,81,21.6,35.5345,,75.79,17.71,0.0005,32
QMIX,82,21.86,31.2842,0.8442,74.91,18.58,0.0005,32
MAPPO,82,20.81,40.6027,,79.2,17.06,0.0005,32
QMIX,83,24.78,37.7763,0.8423,75.17,21.06,0.0005,32
MAPPO,83,24.77,57.0279,,75.0,20.31,0.0005,32
QMIX,84,19.72,47.9047,0.8404,85.29,16.76,0.0005,32
MAPPO,84,21.79,45.3578,,74.36,17.87,0.0005,32
QMIX,85,19.04,34.5117,0.8385,78.38,16.18,0.0005,32
MAPPO,85,25.8,48.3544,,70.64,21.16,0.0005,32
QMIX,86,19.87,34.729,0.8366,78.71,16.89,0.0005,32
MAPPO,86,16.52,42.0828,,74.06,13.54,0.0005,32
QMIX,87,23.49,30.1517,0.8347,81.3,19.96,0.0005,32
MAPPO,87,26.63,40.5112,,72.5,21.83,0.0005,32
QMIX,88,22.06,27.5842,0.8328,78.19,18.75,0.0005,32
MAPPO,88,19.63,42.4587,,85.34,16.1,0.0005,32
QMIX,89,19.97,37.6946,0.8309,76.3,16.97,0.0005,32
MAPPO,89,18.32,51.7445,,78.94,15.03,0.0005,32
QMIX,90,22.6,27.2478,0.829,76.69,19.21,0.0005,32
MAPPO,90,21.4,41.1188,,83.62,17.55,0.0005,32
QMIX,91,21.62,32.6895,0.8271,77.33,18.37,0.0005,32
MAPPO,91,18.22,45.6758,,83.37,14.94,0.0005,32
QMIX,92,23.8,29.2183,0.8252,77.6,20.23,0.0005,32
MAPPO,92,23.25,30.2667,,70.39,19.06,0.0005,32
QMIX,93,19.76,34.745,0.8233,80.78,16.8,0.0005,32
MAPPO,93,20.34,43.9459,,85.45,16.68,0.0005,32
QMIX,94,20.72,33.6892,0.8214,78.22,17.61,0.0005,32
MAPPO,94,22.52,42.3517,,76.39,18.46,0.0005,32
QMIX,95,20.62,37.6286,0.8195,81.03,17.52,0.0005,32
MAPPO,95,18.99,40.2777,,79.54,15.57,0.0005,32
QMIX,96,18.09,28.3918,0.8176,77.96,15.38,0.0005,32
MAPPO,96,21.16,48.0193,,74.15,17.35,0.0005,32
QMIX,97,22.36,29.6266,0.8157,78.71,19.01,0.0005,32
MAPPO,97,22.1,49.9541,,77.02,18.12,0.0005,32
QMIX,98,22.32,25.3845,0.8138,70.78,18.97,0.0005,32
MAPPO,98,21.35,46.25,,71.59,17.51,0.0005,32
QMIX,99,21.75,28.3031,0.8119,82.19,18.49,0.0005,32
MAPPO,99,26.32,39.3168,,81.94,21.58,0.0005,32
QMIX,100,21.23,32.8135,0.81,80.11,18.05,0.0005,32
MAPPO,100,23.57,39.5981,,77.53,19.33,0.0005,32
QMIX,101,18.5,34.7714,0.8081,82.72,15.73,0.0005,32
MAPPO,101,22.55,39.2739,,79.07,18.49,0.0005,32
QMIX,102,20.89,25.1612,0.8062,68.02,17.75,0.0005,32
MAPPO,102,16.96,44.024,,74.73,13.91,0.0005,32
QMIX,103,21.12,35.0063,0.8043,87.06,17.95,0.0005,32
MAPPO,103,23.1,29.8627,,78.08,18.94,0.0005,32
QMIX,104,20.1,37.4982,0.8024,78.75,17.08,0.0005,32
MAPPO,104,25.46,25.2217,,77.68,20.88,0.0005,32
QMIX,105,21.63,32.1029,0.8005,83.55,18.38,0.0005,32
MAPPO,105,20.29,44.3866,,76.65,16.64,0.0005,32
QMIX,106,22.97,39.9201,0.7986,75.63,19.52,0.0005,32
MAPPO,106,21.66,25.6103,,72.44,17.76,0.0005,32
QMIX,107,26.39,25.2987,0.7967,81.91,22.44,0.0005,32
MAPPO,107,14.14,21.5234,,79.02,11.6,0.0005,32
QMIX,108,22.52,22.6215,0.7948,75.85,19.14,0.0005,32
MAPPO,108,18.95,45.7906,,84.05,15.54,0.0005,32
QMIX,109,22.75,19.6381,0.7929,77.57,19.33,0.0005,32
MAPPO,109,16.78,31.1352,,77.02,13.76,0.0005,32
QMIX,110,22.03,36.9873,0.791,87.0,18.73,0.0005,32
MAPPO,110,22.61,23.4808,,87.74,18.54,0.0005,32
QMIX,111,17.93,32.3209,0.7891,79.4,15.24,0.0005,32
MAPPO,111,21.98,42.1172,,80.05,18.02,0.0005,32
QMIX,112,22.22,28.4047,0.7872,81.0,18.89,0.0005,32
MAPPO,112,22.13,34.061,,83.7,18.15,0.0005,32
QMIX,113,22.45,30.0041,0.7853,83.47,19.09,0.0005,32
MAPPO,113,21.31,32.0391,,81.96,17.47,0.0005,32
QMIX,114,27.83,22.5328,0.7834,82.22,23.66,0.0005,32
MAPPO,114,25.13,32.6366,,76.68,20.61,0.0005,32
QMIX,115,21.97,40.8636,0.7815,81.09,18.68,0.0005,32
MAPPO,115,19.33,33.4866,,81.53,15.85,0.0005,32
QMIX,116,23.1,28.7371,0.7796,81.96,19.64,0.0005,32
MAPPO,116,22.36,35.7227,,78.08,18.34,0.0005,32
QMIX,117,22.4,28.4786,0.7777,89.31,19.04,0.0005,32
MAPPO,117,24.12,29.5381,,81.13,19.78,0.0005,32
QMIX,118,19.96,31.4497,0.7758,80.68,16.96,0.0005,32
MAPPO,118,22.16,34.2753,,83.28,18.17,0.0005,32
QMIX,119,25.04,30.0421,0.7739,81.7,21.28,0.0005,32
MAPPO,119,22.42,32.6408,,76.92,18.39,0.0005,32
QMIX,120,24.22,28.5885,0.772,84.78,20.58,0.0005,32
MAPPO,120,20.59,17.1516,,85.38,16.88,0.0005,32
QMIX,121,24.33,23.379,0.7701,85.06,20.68,0.0005,32
MAPPO,121,21.87,23.0006,,78.66,17.93,0.0005,32
QMIX,122,20.7,29.5037,0.7682,85.43,17.6,0.0005,32
MAPPO,122,24.57,25.523,,76.29,20.14,0.0005,32
QMIX,123,25.7,36.2866,0.7663,83.62,21.85,0.0005,32
MAPPO,123,17.71,30.2761,,80.88,14.52,0.0005,32
QMIX,124,19.73,33.4595,0.7644,77.58,16.77,0.0005,32
MAPPO,124,22.42,34.0518,,76.4,18.38,0.0005,32
QMIX,125,24.01,34.4808,0.7625,87.23,20.41,0.0005,32
MAPPO,125,21.39,42.4548,,76.04,17.54,0.0005,32
QMIX,126,27.45,24.113,0.7606,77.8,23.33,0.0005,32
MAPPO,126,22.7,23.4637,,75.64,18.62,0.0005,32
QMIX,127,20.74,21.6838,0.7587,82.85,17.63,0.0005,32
MAPPO,127,27.31,32.3737,,90.29,22.4,0.0005,32
QMIX,128,21.68,25.6983,0.7568,79.37,18.43,0.0005,32
MAPPO,128,21.84,33.6639,,84.43,17.91,0.0005,32
QMIX,129,23.11,26.4229,0.7549,81.81,19.65,0.0005,32
MAPPO,129,26.64,36.3292,,83.41,21.85,0.0005,32
QMIX,130,21.89,31.1879,0.753,83.23,18.6,0.0005,32
MAPPO,130,25.71,28.8066,,83.61,21.08,0.0005,32
QMIX,131,19.74,17.9263,0.7511,83.3,16.78,0.0005,32
MAPPO,131,23.11,31.7354,,84.02,18.95,0.0005,32
QMIX,132,23.15,32.8842,0.7492,83.73,19.68,0.0005,32
MAPPO,132,23.27,31.0512,,86.5,19.08,0.0005,32
QMIX,133,20.84,24.8674,0.7473,87.78,17.71,0.0005,32
MAPPO,133,23.53,33.0988,,82.89,19.3,0.0005,32
QMIX,134,24.05,23.4929,0.7454,84.02,20.44,0.0005,32
MAPPO,134,21.12,32.4558,,82.48,17.31,0.0005,32
QMIX,135,21.21,20.6805,0.7435,81.81,18.03,0.0005,32
MAPPO,135,24.67,11.8728,,76.91,20.23,0.0005,32
QMIX,136,26.31,17.6363,0.7416,85.87,22.36,0.0005,32
MAPPO,136,21.7,27.1368,,78.98,17.79,0.0005,32
QMIX,137,21.57,28.7973,0.7397,86.69,18.33,0.0005,32
MAPPO,137,23.29,30.0745,,83.7,19.1,0.0005,32
QMIX,138,22.55,25.257,0.7378,78.89,19.16,0.0005,32
MAPPO,138,17.96,19.0036,,76.72,14.73,0.0005,32
QMIX,139,24.88,19.0007,0.7359,84.92,21.15,0.0005,32
MAPPO,139,21.19,36.3006,,85.64,17.38,0.0005,32
QMIX,140,20.78,18.8783,0.734,85.34,17.66,0.0005,32
MAPPO,140,24.57,25.6574,,82.22,20.14,0.0005,32
QMIX,141,23.75,23.04,0.7321,82.21,20.19,0.0005,32
MAPPO,141,20.64,33.9249,,81.06,16.92,0.0005,32
QMIX,142,25.95,31.7739,0.7302,87.67,22.06,0.0005,32
MAPPO,142,24.13,21.4362,,89.11,19.79,0.0005,32
QMIX,143,20.14,23.1323,0.7283,82.87,17.12,0.0005,32
MAPPO,143,22.17,26.6379,,79.1,18.18,0.0005,32
QMIX,144,23.75,17.577,0.7264,83.84,20.19,0.0005,32
MAPPO,144,25.73,27.386,,82.99,21.1,0.0005,32
QMIX,145,23.93,22.9495,0.7245,82.98,20.34,0.0005,32
MAPPO,145,26.38,24.0304,,81.31,21.64,0.0005,32
QMIX,146,25.0,22.7123,0.7226,83.66,21.25,0.0005,32
MAPPO,146,23.86,22.264,,89.64,19.57,0.0005,32
QMIX,147,21.03,12.171,0.7207,80.25,17.87,0.0005,32
MAPPO,147,23.44,28.9256,,80.02,19.22,0.0005,32
QMIX,148,20.9,23.4087,0.7188,79.27,17.77,0.0005,32
MAPPO,148,23.59,27.6603,,83.01,19.34,0.0005,32
QMIX,149,24.56,22.5347,0.7169,88.86,20.88,0.0005,32
MAPPO,149,23.47,24.3484,,81.01,19.25,0.0005,32
QMIX,150,24.14,26.3398,0.715,81.32,20.52,0.0005,32
MAPPO,150,26.32,31.4577,,85.34,21.58,0.0005,32
QMIX,151,24.08,31.0542,0.7131,80.97,20.47,0.0005,32
MAPPO,151,29.39,28.1809,,86.62,24.1,0.0005,32
QMIX,152,24.29,27.8674,0.7112,77.47,20.65,0.0005,32
MAPPO,152,20.5,23.5964,,77.84,16.81,0.0005,32
QMIX,153,22.33,21.9097,0.7093,82.24,18.98,0.0005,32
MAPPO,153,21.24,17.6351,,81.96,17.42,0.0005,32
QMIX,154,24.12,18.3247,0.7074,80.23,20.51,0.0005,32
MAPPO,154,26.79,30.3044,,84.57,21.97,0.0005,32
QMIX,155,24.27,33.3996,0.7055,89.4,20.63,0.0005,32
MAPPO,155,21.04,25.339,,85.75,17.25,0.0005,32
QMIX,156,22.35,22.9156,0.7036,87.54,19.0,0.0005,32
MAPPO,156,20.54,20.174,,82.47,16.84,0.0005,32
QMIX,157,27.34,22.6121,0.7017,82.45,23.24,0.0005,32
MAPPO,157,28.56,15.9023,,83.96,23.42,0.0005,32
QMIX,158,24.69,22.3407,0.6998,91.44,20.99,0.0005,32
MAPPO,158,23.11,32.5996,,87.12,18.95,0.0005,32
QMIX,159,21.53,23.1229,0.6979,87.66,18.3,0.0005,32
MAPPO,159,23.19,25.1724,,87.71,19.01,0.0005,32
QMIX,160,25.09,21.6275,0.696,83.8,21.32,0.0005,32
MAPPO,160,22.62,19.9775,,75.61,18.55,0.0005,32
QMIX,161,22.01,19.7993,0.6941,77.36,18.71,0.0005,32
MAPPO,161,25.12,22.595,,83.75,20.6,0.0005,32
QMIX,162,25.38,19.8038,0.6922,91.78,21.57,0.0005,32
MAPPO,162,21.25,14.2799,,82.47,17.43,0.0005,32
QMIX,163,26.11,21.7373,0.6903,80.87,22.19,0.0005,32
MAPPO,163,27.86,28.404,,85.13,22.85,0.0005,32
QMIX,164,22.39,19.6139,0.6884,80.2,19.03,0.0005,32
MAPPO,164,25.57,24.3171,,86.87,20.97,0.0005,32
QMIX,165,25.78,18.8488,0.6865,88.19,21.91,0.0005,32
MAPPO,165,23.77,27.2963,,81.61,19.49,0.0005,32
QMIX,166,24.77,21.9482,0.6846,92.44,21.05,0.0005,32
MAPPO,166,22.67,14.5473,,83.5,18.59,0.0005,32
QMIX,167,25.55,20.4332,0.6827,89.38,21.72,0.0005,32
MAPPO,167,24.17,24.4917,,85.16,19.82,0.0005,32
QMIX,168,27.58,27.125,0.6808,87.04,23.45,0.0005,32
MAPPO,168,26.29,20.8971,,86.88,21.56,0.0005,32
QMIX,169,23.61,11.0121,0.6789,87.2,20.07,0.0005,32
MAPPO,169,29.83,25.1647,,82.1,24.46,0.0005,32
QMIX,170,22.69,25.2749,0.677,88.02,19.29,0.0005,32
MAPPO,170,27.36,22.8176,,84.75,22.44,0.0005,32
QMIX,171,22.46,25.7369,0.6751,87.81,19.1,0.0005,32
MAPPO,171,26.27,20.6589,,80.6,21.54,0.0005,32
QMIX,172,22.63,13.0252,0.6732,86.49,19.23,0.0005,32
MAPPO,172,24.13,18.0076,,85.02,19.78,0.0005,32
QMIX,173,24.02,19.4862,0.6713,86.05,20.42,0.0005,32
MAPPO,173,26.79,19.5251,,85.39,21.97,0.0005,32
QMIX,174,24.81,19.2795,0.6694,85.64,21.09,0.0005,32
MAPPO,174,23.3,15.3483,,80.71,19.11,0.0005,32
QMIX,175,24.72,15.3092,0.6675,83.73,21.01,0.0005,32
MAPPO,175,24.82,20.8293,,89.04,20.36,0.0005,32
QMIX,176,25.75,17.5729,0.6656,85.16,21.89,0.0005,32
MAPPO,176,26.7,30.5594,,87.58,21.89,0.0005,32
QMIX,177,24.28,16.2511,0.6637,81.2,20.64,0.0005,32
MAPPO,177,25.47,25.3358,,82.04,20.88,0.0005,32
QMIX,178,26.93,26.7214,0.6618,85.82,22.89,0.0005,32
MAPPO,178,22.68,25.5796,,86.42,18.6,0.0005,32
QMIX,179,23.82,23.594,0.6599,83.37,20.25,0.0005,32
MAPPO,179,20.79,22.5371,,86.48,17.05,0.0005,32
QMIX,180,29.26,24.7047,0.658,83.12,24.87,0.0005,32
MAPPO,180,25.28,23.8173,,79.02,20.73,0.0005,32
QMIX,181,25.48,22.584,0.6561,86.81,21.66,0.0005,32
MAPPO,181,24.5,20.4941,,84.04,20.09,0.0005,32
QMIX,182,22.82,15.7728,0.6542,90.28,19.39,0.0005,32
MAPPO,182,26.26,15.9236,,86.77,21.53,0.0005,32
QMIX,183,22.46,17.8711,0.6523,89.01,19.09,0.0005,32
MAPPO,183,24.36,16.4147,,80.34,19.98,0.0005,32
QMIX,184,25.28,21.4194,0.6504,82.11,21.49,0.0005,32
MAPPO,184,23.42,25.1677,,84.01,19.21,0.0005,32
QMIX,185,24.03,15.2001,0.6485,83.81,20.43,0.0005,32
MAPPO,185,26.57,17.3994,,88.02,21.79,0.0005,32
QMIX,186,25.73,22.0052,0.6466,89.24,21.87,0.0005,32
MAPPO,186,26.46,19.7526,,87.44,21.7,0.0005,32
QMIX,187,25.32,18.522,0.6447,83.97,21.52,0.0005,32
MAPPO,187,19.71,23.5025,,81.36,16.16,0.0005,32
QMIX,188,24.37,17.956,0.6428,86.14,20.71,0.0005,32
MAPPO,188,21.02,17.8829,,90.05,17.24,0.0005,32
QMIX,189,23.01,21.6787,0.6409,88.34,19.56,0.0005,32
MAPPO,189,24.62,21.5862,,88.11,20.19,0.0005,32
QMIX,190,21.84,20.6415,0.639,84.22,18.57,0.0005,32
MAPPO,190,24.21,14.8146,,88.39,19.85,0.0005,32
QMIX,191,23.76,17.7384,0.6371,87.24,20.2,0.0005,32
MAPPO,191,23.97,17.7869,,94.46,19.65,0.0005,32
QMIX,192,26.09,22.9202,0.6352,83.36,22.18,0.0005,32
MAPPO,192,26.17,16.7252,,85.66,21.46,0.0005,32
QMIX,193,24.98,15.0782,0.6333,85.43,21.23,0.0005,32
MAPPO,193,28.76,21.795,,89.9,23.58,0.0005,32
QMIX,194,22.42,20.8347,0.6314,88.0,19.06,0.0005,32
MAPPO,194,22.19,21.2566,,81.15,18.2,0.0005,32
QMIX,195,24.94,20.6566,0.6295,82.87,21.2,0.0005,32
MAPPO,195,24.29,20.9338,,88.69,19.92,0.0005,32
QMIX,196,25.33,17.4809,0.6276,88.44,21.53,0.0005,32
MAPPO,196,24.4,18.3818,,94.93,20.0,0.0005,32
QMIX,197,23.12,19.5532,0.6257,87.26,19.66,0.0005,32
MAPPO,197,24.91,20.6056,,89.35,20.42,0.0005,32
QMIX,198,24.96,14.1271,0.6238,88.85,21.22,0.0005,32
MAPPO,198,21.85,15.6086,,85.42,17.92,0.0005,32
QMIX,199,24.82,21.3792,0.6219,88.03,21.09,0.0005,32
MAPPO,199,25.5,16.4375,,81.26,20.91,0.0005,32
QMIX,200,22.74,17.5598,0.62,91.14,19.33,0.0005,32
MAPPO,200,24.59,21.0433,,85.23,20.16,0.0005,32
QMIX,201,25.38,16.3464,0.6181,87.88,21.57,0.0005,32
MAPPO,201,28.89,17.4822,,88.34,23.69,0.0005,32
QMIX,202,25.75,21.4949,0.6162,86.46,21.88,0.0005,32
MAPPO,202,25.36,14.3015,,80.1,20.8,0.0005,32
QMIX,203,26.67,15.5851,0.6143,87.98,22.67,0.0005,32
MAPPO,203,23.06,17.7185,,87.77,18.91,0.0005,32
QMIX,204,26.64,13.1847,0.6124,89.15,22.64,0.0005,32
MAPPO,204,21.38,23.484,,85.31,17.53,0.0005,32
QMIX,205,22.44,12.6306,0.6105,87.9,19.07,0.0005,32
MAPPO,205,24.38,16.4339,,84.21,19.99,0.0005,32
QMIX,206,23.22,19.6475,0.6086,87.93,19.74,0.0005,32
MAPPO,206,23.0,17.4399,,88.29,18.86,0.0005,32
QMIX,207,25.75,13.4023,0.6067,86.03,21.89,0.0005,32
MAPPO,207,23.71,20.3923,,85.25,19.44,0.0005,32
QMIX,208,25.76,23.1972,0.6048,86.19,21.9,0.0005,32
MAPPO,208,25.36,21.7923,,85.22,20.8,0.0005,32
QMIX,209,25.78,10.6734,0.6029,84.32,21.92,0.0005,32
MAPPO,209,25.14,18.6162,,85.51,20.61,0.0005,32
QMIX,210,31.53,22.8002,0.601,92.61,26.8,0.0005,32
MAPPO,210,25.06,15.4047,,83.7,20.55,0.0005,32
QMIX,211,25.91,17.9258,0.5991,84.85,22.02,0.0005,32
MAPPO,211,27.62,20.2946,,88.51,22.65,0.0005,32
QMIX,212,26.89,16.857,0.5972,86.35,22.86,0.0005,32
MAPPO,212,25.54,14.0595,,81.3,20.95,0.0005,32
QMIX,213,26.6,15.3483,0.5953,86.34,22.61,0.0005,32
MAPPO,213,30.43,25.0267,,88.14,24.95,0.0005,32
QMIX,214,26.09,18.2733,0.5934,90.57,22.18,0.0005,32
MAPPO,214,25.05,13.2599,,89.59,20.54,0.0005,32
QMIX,215,24.46,16.8065,0.5915,87.54,20.79,0.0005,32
MAPPO,215,23.86,19.5779,,90.98,19.56,0.0005,32
QMIX,216,26.31,20.3254,0.5896,91.57,22.36,0.0005,32
MAPPO,216,21.57,12.7132,,89.11,17.69,0.0005,32
QMIX,217,23.72,17.1266,0.5877,86.67,20.16,0.0005,32
MAPPO,217,21.97,21.342,,91.94,18.02,0.0005,32
QMIX,218,24.65,17.16,0.5858,89.17,20.95,0.0005,32
MAPPO,218,26.67,6.4333,,83.53,21.87,0.0005,32
QMIX,219,24.24,15.4776,0.5839,86.37,20.61,0.0005,32
MAPPO,219,26.13,12.9643,,86.7,21.43,0.0005,32
QMIX,220,25.22,16.3577,0.582,94.04,21.44,0.0005,32
MAPPO,220,24.59,8.6077,,85.16,20.17,0.0005,32
QMIX,221,29.01,17.4113,0.5801,85.58,24.66,0.0005,32
MAPPO,221,24.32,11.2172,,81.71,19.94,0.0005,32
QMIX,222,21.96,11.1041,0.5782,89.44,18.67,0.0005,32
MAPPO,222,22.94,17.4592,,89.57,18.81,0.0005,32
QMIX,223,26.28,12.1602,0.5763,90.31,22.34,0.0005,32
MAPPO,223,24.47,22.4139,,90.67,20.06,0.0005,32
QMIX,224,22.43,18.5089,0.5744,89.8,19.07,0.0005,32
MAPPO,224,25.09,12.231,,87.86,20.57,0.0005,32
QMIX,225,24.37,16.6783,0.5725,88.33,20.71,0.0005,32
MAPPO,225,20.62,14.2222,,91.99,16.9,0.0005,32
QMIX,226,27.0,15.5224,0.5706,88.52,22.95,0.0005,32
MAPPO,226,26.37,19.533,,87.4,21.62,0.0005,32
QMIX,227,25.3,16.0647,0.5687,89.0,21.5,0.0005,32
MAPPO,227,20.62,14.0399,,86.76,16.91,0.0005,32
QMIX,228,23.4,16.9863,0.5668,88.57,19.89,0.0005,32
MAPPO,228,25.58,15.5396,,90.03,20.97,0.0005,32
QMIX,229,24.02,14.2368,0.5649,91.4,20.42,0.0005,32
MAPPO,229,24.79,7.0657,,89.43,20.33,0.0005,32
QMIX,230,26.37,13.4538,0.563,94.56,22.41,0.0005,32
MAPPO,230,25.51,16.8823,,91.46,20.92,0.0005,32
QMIX,231,24.03,16.3051,0.5611,87.69,20.43,0.0005,32
MAPPO,231,23.56,10.0718,,86.07,19.32,0.0005,32
QMIX,232,25.62,12.7296,0.5592,85.71,21.78,0.0005,32
MAPPO,232,28.45,13.8639,,83.52,23.33,0.0005,32
QMIX,233,25.35,16.7908,0.5573,88.95,21.55,0.0005,32
MAPPO,233,26.43,14.3201,,85.41,21.67,0.0005,32
QMIX,234,24.21,10.4616,0.5554,95.62,20.58,0.0005,32
MAPPO,234,26.26,9.7777,,85.06,21.54,0.0005,32
QMIX,235,28.86,18.4768,0.5535,87.27,24.53,0.0005,32
MAPPO,235,24.58,17.9885,,89.71,20.15,0.0005,32
QMIX,236,26.37,16.7591,0.5516,93.35,22.42,0.0005,32
MAPPO,236,24.8,15.6474,,91.04,20.34,0.0005,32
QMIX,237,21.98,16.0502,0.5497,93.49,18.69,0.0005,32
MAPPO,237,26.81,14.8183,,91.91,21.99,0.0005,32
QMIX,238,25.66,18.1052,0.5478,88.03,21.81,0.0005,32
MAPPO,238,27.69,15.3545,,85.95,22.7,0.0005,32
QMIX,239,24.27,20.0194,0.5459,90.83,20.63,0.0005,32
MAPPO,239,27.9,10.2932,,87.4,22.88,0.0005,32
QMIX,240,26.78,18.0438,0.544,93.47,22.76,0.0005,32
MAPPO,240,24.91,7.2672,,86.39,20.42,0.0005,32
QMIX,241,24.08,9.6926,0.5421,88.59,20.47,0.0005,32
MAPPO,241,25.13,19.0296,,90.02,20.61,0.0005,32
QMIX,242,25.21,11.2641,0.5402,89.06,21.43,0.0005,32
MAPPO,242,25.71,16.1008,,89.44,21.08,0.0005,32
QMIX,243,26.25,13.0952,0.5383,88.18,22.31,0.0005,32
MAPPO,243,24.49,21.181,,89.95,20.08,0.0005,32
QMIX,244,26.85,14.9041,0.5364,87.17,22.82,0.0005,32
MAPPO,244,23.57,12.8608,,86.21,19.33,0.0005,32
QMIX,245,23.47,16.2459,0.5345,88.11,19.95,0.0005,32
MAPPO,245,25.39,10.3105,,85.49,20.82,0.0005,32
QMIX,246,24.91,12.6275,0.5326,86.75,21.17,0.0005,32
MAPPO,246,26.04,11.5799,,88.11,21.35,0.0005,32
QMIX,247,24.69,15.1661,0.5307,89.85,20.99,0.0005,32
MAPPO,247,26.15,11.116,,85.45,21.44,0.0005,32
QMIX,248,24.41,12.4272,0.5288,87.94,20.75,0.0005,32
MAPPO,248,24.92,12.7334,,94.16,20.44,0.0005,32
QMIX,249,28.38,12.7769,0.5269,90.41,24.12,0.0005,32
MAPPO,249,23.73,8.1917,,90.57,19.46,0.0005,32
QMIX,250,26.17,10.4758,0.525,86.13,22.24,0.0005,32
MAPPO,250,26.13,7.6166,,85.07,21.42,0.0005,32
QMIX,251,23.46,11.7843,0.5231,90.72,19.94,0.0005,32
MAPPO,251,25.93,12.282,,92.77,21.26,0.0005,32
QMIX,252,27.03,10.5278,0.5212,91.97,22.97,0.0005,32
MAPPO,252,23.22,14.25,,88.33,19.04,0.0005,32
QMIX,253,29.0,11.5277,0.5193,85.22,24.65,0.0005,32
MAPPO,253,27.08,11.6931,,89.44,22.2,0.0005,32
QMIX,254,27.23,17.1335,0.5174,90.94,23.15,0.0005,32
MAPPO,254,26.7,16.5579,,92.46,21.89,0.0005,32
QMIX,255,23.1,11.4941,0.5155,93.01,19.63,0.0005,32
MAPPO,255,25.05,12.7932,,90.66,20.55,0.0005,32
QMIX,256,24.79,21.3732,0.5136,87.23,21.07,0.0005,32
MAPPO,256,22.57,10.8183,,87.68,18.51,0.0005,32
QMIX,257,27.64,15.3774,0.5117,94.14,23.5,0.0005,32
MAPPO,257,22.66,13.1602,,90.72,18.58,0.0005,32
QMIX,258,24.46,14.463,0.5098,91.19,20.79,0.0005,32
MAPPO,258,26.06,13.3131,,84.39,21.37,0.0005,32
QMIX,259,26.33,11.5332,0.5079,88.55,22.38,0.0005,32
MAPPO,259,24.1,18.1486,,85.05,19.76,0.0005,32
QMIX,260,26.88,15.7555,0.506,90.13,22.85,0.0005,32
MAPPO,260,24.62,7.2694,,91.29,20.19,0.0005,32
QMIX,261,24.14,12.2015,0.5041,91.62,20.52,0.0005,32
MAPPO,261,22.88,14.9566,,89.19,18.76,0.0005,32
QMIX,262,25.55,14.0506,0.5022,90.52,21.72,0.0005,32
MAPPO,262,26.89,6.1357,,86.38,22.05,0.0005,32
QMIX,263,20.43,20.6252,0.5003,91.64,17.37,0.0005,32
MAPPO,263,21.33,4.0839,,89.84,17.49,0.0005,32
QMIX,264,24.02,13.3416,0.4984,88.24,20.42,0.0005,32
MAPPO,264,25.12,6.1115,,90.96,20.6,0.0005,32
QMIX,265,25.27,16.6556,0.4965,90.84,21.48,0.0005,32
MAPPO,265,25.95,13.4391,,86.28,21.28,0.0005,32
QMIX,266,23.69,11.5901,0.4946,87.16,20.13,0.0005,32
MAPPO,266,26.48,13.7777,,92.77,21.72,0.0005,32
QMIX,267,28.33,13.3377,0.4927,90.25,24.08,0.0005,32
MAPPO,267,26.23,15.4285,,93.22,21.5,0.0005,32
QMIX,268,23.42,18.1316,0.4908,88.43,19.91,0.0005,32
MAPPO,268,22.75,4.9117,,91.47,18.66,0.0005,32
QMIX,269,25.02,11.6407,0.4889,88.86,21.27,0.0005,32
MAPPO,269,24.41,8.2649,,85.95,20.02,0.0005,32
QMIX,270,25.94,18.1079,0.487,93.5,22.05,0.0005,32
MAPPO,270,23.74,7.6231,,90.37,19.47,0.0005,32
QMIX,271,28.05,15.0964,0.4851,93.19,23.85,0.0005,32
MAPPO,271,22.87,7.8455,,92.99,18.76,0.0005,32
QMIX,272,23.46,11.66,0.4832,92.1,19.94,0.0005,32
MAPPO,272,21.68,8.6114,,87.66,17.78,0.0005,32
QMIX,273,27.63,14.7786,0.4813,88.17,23.48,0.0005,32
MAPPO,273,26.26,8.2248,,87.31,21.53,0.0005,32
QMIX,274,25.79,15.6205,0.4794,90.01,21.92,0.0005,32
MAPPO,274,27.7,13.4748,,86.52,22.71,0.0005,32
QMIX,275,24.22,14.6351,0.4775,93.59,20.59,0.0005,32
MAPPO,275,24.13,10.0938,,87.08,19.79,0.0005,32
QMIX,276,26.53,8.8066,0.4756,91.14,22.55,0.0005,32
MAPPO,276,26.87,9.863,,88.01,22.03,0.0005,32
QMIX,277,26.12,10.9782,0.4737,96.21,22.21,0.0005,32
MAPPO,277,26.41,9.5508,,91.73,21.65,0.0005,32
QMIX,278,24.86,12.1871,0.4718,91.78,21.13,0.0005,32
MAPPO,278,23.47,12.472,,93.35,19.25,0.0005,32
QMIX,279,25.94,12.589,0.4699,91.35,22.05,0.0005,32
MAPPO,279,25.09,12.6123,,85.74,20.57,0.0005,32
QMIX,280,25.22,14.3507,0.468,90.23,21.44,0.0005,32
MAPPO,280,25.42,14.072,,91.74,20.84,0.0005,32
QMIX,281,26.03,13.1429,0.4661,91.28,22.12,0.0005,32
MAPPO,281,26.84,11.8547,,92.26,22.01,0.0005,32
QMIX,282,26.91,9.1629,0.4642,90.65,22.87,0.0005,32
MAPPO,282,25.57,13.7176,,92.23,20.97,0.0005,32
QMIX,283,28.38,13.5636,0.4623,92.66,24.13,0.0005,32
MAPPO,283,21.8,16.8544,,93.46,17.88,0.0005,32
QMIX,284,23.91,14.1064,0.4604,93.25,20.32,0.0005,32
MAPPO,284,29.08,10.8105,,86.3,23.85,0.0005,32
QMIX,285,29.26,13.9218,0.4585,89.29,24.88,0.0005,32
MAPPO,285,26.16,6.9893,,86.82,21.45,0.0005,32
QMIX,286,22.8,15.2093,0.4566,88.08,19.38,0.0005,32
MAPPO,286,23.35,5.0759,,93.32,19.15,0.0005,32
QMIX,287,25.66,14.52,0.4547,86.96,21.81,0.0005,32
MAPPO,287,22.25,6.8293,,93.43,18.25,0.0005,32
QMIX,288,26.84,13.5065,0.4528,92.34,22.82,0.0005,32
MAPPO,288,23.61,10.4384,,84.86,19.36,0.0005,32
QMIX,289,26.36,12.1023,0.4509,88.7,22.41,0.0005,32
MAPPO,289,24.68,16.2711,,87.52,20.23,0.0005,32
QMIX,290,24.95,7.9974,0.449,86.34,21.2,0.0005,32
MAPPO,290,24.01,8.5864,,92.99,19.69,0.0005,32
QMIX,291,25.61,13.2785,0.4471,92.15,21.77,0.0005,32
MAPPO,291,24.44,16.4266,,90.26,20.04,0.0005,32
QMIX,292,25.17,12.6648,0.4452,96.96,21.39,0.0005,32
MAPPO,292,23.34,10.3031,,92.91,19.14,0.0005,32
QMIX,293,25.03,12.7782,0.4433,91.31,21.27,0.0005,32
MAPPO,293,26.54,6.2518,,90.66,21.76,0.0005,32
QMIX,294,27.3,8.8145,0.4414,93.25,23.21,0.0005,32
MAPPO,294,23.29,7.1019,,92.43,19.1,0.0005,32
QMIX,295,26.54,9.2682,0.4395,91.57,22.56,0.0005,32
MAPPO,295,26.52,8.6201,,86.9,21.74,0.0005,32
QMIX,296,24.89,14.6017,0.4376,91.19,21.16,0.0005,32
MAPPO,296,26.81,9.8867,,88.08,21.98,0.0005,32
QMIX,297,27.41,11.8041,0.4357,93.51,23.29,0.0005,32
MAPPO,297,22.39,8.4982,,88.38,18.36,0.0005,32
QMIX,298,26.48,13.5667,0.4338,90.81,22.51,0.0005,32
MAPPO,298,24.48,9.717,,91.63,20.08,0.0005,32
QMIX,299,27.28,11.8829,0.4319,92.09,23.19,0.0005,32
MAPPO,299,27.29,14.9355,,92.56,22.38,0.0005,32
QMIX,300,27.0,11.8411,0.43,92.24,22.95,0.0005,32
MAPPO,300,25.77,13.2191,,91.3,21.13,0.0005,32
QMIX,301,24.72,14.0609,0.4281,90.04,21.01,0.0005,32
MAPPO,301,27.21,9.0129,,89.23,22.31,0.0005,32
QMIX,302,25.15,10.3932,0.4262,93.8,21.38,0.0005,32
MAPPO,302,27.66,2.6296,,90.62,22.68,0.0005,32
QMIX,303,27.21,11.8715,0.4243,91.21,23.13,0.0005,32
MAPPO,303,23.19,10.2971,,89.92,19.01,0.0005,32
QMIX,304,27.0,10.443,0.4224,89.93,22.95,0.0005,32
MAPPO,304,24.59,10.1722,,90.75,20.16,0.0005,32
QMIX,305,26.02,10.4702,0.4205,92.85,22.12,0.0005,32
MAPPO,305,26.06,12.5494,,91.77,21.37,0.0005,32
QMIX,306,26.25,10.7381,0.4186,89.67,22.31,0.0005,32
MAPPO,306,24.91,9.2439,,91.35,20.43,0.0005,32
QMIX,307,28.07,12.0056,0.4167,91.76,23.86,0.0005,32
MAPPO,307,26.16,4.8655,,90.38,21.45,0.0005,32
QMIX,308,25.15,10.2378,0.4148,91.71,21.38,0.0005,32
MAPPO,308,28.45,8.8796,,86.6,23.33,0.0005,32
QMIX,309,26.94,14.4556,0.4129,94.17,22.9,0.0005,32
MAPPO,309,25.08,9.998,,87.89,20.57,0.0005,32
QMIX,310,25.78,9.1381,0.411,92.83,21.91,0.0005,32
MAPPO,310,25.94,4.7976,,89.75,21.27,0.0005,32
QMIX,311,25.76,10.8312,0.4091,91.74,21.9,0.0005,32
MAPPO,311,25.24,7.0874,,86.03,20.7,0.0005,32
QMIX,312,27.82,10.1729,0.4072,93.64,23.65,0.0005,32
MAPPO,312,21.34,5.2359,,93.96,17.5,0.0005,32
QMIX,313,27.4,14.7315,0.4053,94.93,23.29,0.0005,32
MAPPO,313,23.81,14.8792,,91.59,19.52,0.0005,32
QMIX,314,27.39,11.642,0.4034,93.11,23.28,0.0005,32
MAPPO,314,25.07,5.4028,,96.38,20.56,0.0005,32
QMIX,315,28.17,13.6287,0.4015,91.92,23.94,0.0005,32
MAPPO,315,24.58,6.8123,,93.71,20.15,0.0005,32
QMIX,316,26.17,7.4808,0.3996,89.02,22.25,0.0005,32
MAPPO,316,27.12,9.4343,,91.8,22.24,0.0005,32
QMIX,317,27.21,11.688,0.3977,89.59,23.13,0.0005,32
MAPPO,317,27.7,7.1334,,92.95,22.71,0.0005,32
QMIX,318,25.67,13.1508,0.3958,91.29,21.82,0.0005,32
MAPPO,318,24.12,8.9391,,94.93,19.78,0.0005,32
QMIX,319,26.66,11.1601,0.3939,90.65,22.66,0.0005,32
MAPPO,319,27.68,7.7947,,89.57,22.7,0.0005,32
QMIX,320,25.96,13.4874,0.392,91.6,22.07,0.0005,32
MAPPO,320,24.47,9.0919,,91.85,20.06,0.0005,32
QMIX,321,26.32,9.6394,0.3901,92.16,22.38,0.0005,32
MAPPO,321,26.14,11.1568,,90.79,21.44,0.0005,32
QMIX,322,27.1,14.2255,0.3882,93.23,23.04,0.0005,32
MAPPO,322,24.74,9.5681,,91.51,20.28,0.0005,32
QMIX,323,24.92,16.312,0.3863,91.93,21.18,0.0005,32
MAPPO,323,22.82,11.0003,,91.71,18.71,0.0005,32
QMIX,324,29.44,9.8985,0.3844,93.17,25.03,0.0005,32
MAPPO,324,23.96,8.2573,,91.98,19.65,0.0005,32
QMIX,325,24.64,9.6642,0.3825,92.27,20.94,0.0005,32
MAPPO,325,22.21,8.3952,,93.93,18.22,0.0005,32
QMIX,326,24.32,14.1546,0.3806,87.82,20.68,0.0005,32
MAPPO,326,27.19,6.4541,,96.48,22.29,0.0005,32
QMIX,327,28.01,14.4116,0.3787,90.11,23.81,0.0005,32
MAPPO,327,28.3,6.4695,,90.16,23.21,0.0005,32
QMIX,328,27.45,9.3721,0.3768,91.88,23.33,0.0005,32
MAPPO,328,27.4,6.0236,,88.18,22.47,0.0005,32
QMIX,329,27.19,9.5803,0.3749,89.57,23.11,0.0005,32
MAPPO,329,24.95,9.8075,,89.76,20.46,0.0005,32
QMIX,330,27.21,9.8727,0.373,93.55,23.12,0.0005,32
MAPPO,330,26.99,11.1782,,93.92,22.13,0.0005,32
QMIX,331,26.22,7.3235,0.3711,95.6,22.29,0.0005,32
MAPPO,331,21.65,10.0431,,90.85,17.75,0.0005,32
QMIX,332,24.86,8.2974,0.3692,94.94,21.13,0.0005,32
MAPPO,332,27.66,10.4029,,86.94,22.68,0.0005,32
QMIX,333,26.37,8.0628,0.3673,91.83,22.41,0.0005,32
MAPPO,333,29.34,8.2839,,92.6,24.05,0.0005,32
QMIX,334,25.21,8.5867,0.3654,95.56,21.43,0.0005,32
MAPPO,334,26.95,6.2867,,90.13,22.1,0.0005,32
QMIX,335,27.77,10.277,0.3635,92.66,23.61,0.0005,32
MAPPO,335,24.58,11.9341,,89.85,20.16,0.0005,32
QMIX,336,26.04,10.8727,0.3616,91.63,22.14,0.0005,32
MAPPO,336,27.3,8.4568,,90.53,22.38,0.0005,32
QMIX,337,25.0,13.9218,0.3597,91.05,21.25,0.0005,32
MAPPO,337,25.73,1.0994,,88.69,21.1,0.0005,32
QMIX,338,25.79,7.9158,0.3578,91.74,21.92,0.0005,32
MAPPO,338,23.52,7.1842,,90.39,19.29,0.0005,32
QMIX,339,26.93,12.518,0.3559,91.58,22.89,0.0005,32
MAPPO,339,22.89,6.2713,,93.24,18.77,0.0005,32
QMIX,340,25.42,9.6835,0.354,92.81,21.61,0.0005,32
MAPPO,340,25.16,7.2903,,97.48,20.63,0.0005,32
QMIX,341,25.03,10.0331,0.3521,92.81,21.28,0.0005,32
MAPPO,341,25.68,2.2459,,96.5,21.06,0.0005,32
QMIX,342,26.68,11.6846,0.3502,92.49,22.68,0.0005,32
MAPPO,342,20.44,8.8947,,86.4,16.76,0.0005,32
QMIX,343,26.69,7.4712,0.3483,93.44,22.69,0.0005,32
MAPPO,343,31.5,6.056,,91.32,25.83,0.0005,32
QMIX,344,25.54,10.9339,0.3464,95.09,21.71,0.0005,32
MAPPO,344,24.75,11.4719,,93.99,20.3,0.0005,32
QMIX,345,25.6,10.3987,0.3445,94.59,21.76,0.0005,32
MAPPO,345,28.26,1.5772,,94.32,23.17,0.0005,32
QMIX,346,26.69,11.1193,0.3426,89.35,22.68,0.0005,32
MAPPO,346,25.7,11.2175,,90.24,21.08,0.0005,32
QMIX,347,24.11,10.6149,0.3407,87.07,20.49,0.0005,32
MAPPO,347,28.21,6.2432,,89.64,23.13,0.0005,32
QMIX,348,24.17,15.5807,0.3388,94.61,20.55,0.0005,32
MAPPO,348,30.12,8.8757,,95.8,24.7,0.0005,32
QMIX,349,25.24,8.411,0.3369,89.67,21.45,0.0005,32
MAPPO,349,24.56,4.5771,,95.07,20.14,0.0005,32
QMIX,350,26.02,8.6263,0.335,92.15,22.12,0.0005,32
MAPPO,350,24.97,8.5837,,89.39,20.48,0.0005,32
QMIX,351,26.83,8.3838,0.3331,90.13,22.81,0.0005,32
MAPPO,351,26.86,3.0629,,92.95,22.03,0.0005,32
QMIX,352,28.63,8.509,0.3312,88.8,24.33,0.0005,32
MAPPO,352,27.64,8.8103,,92.3,22.67,0.0005,32
QMIX,353,27.68,8.291,0.3293,93.85,23.53,0.0005,32
MAPPO,353,26.11,4.5709,,91.31,21.41,0.0005,32
QMIX,354,26.13,12.444,0.3274,94.33,22.21,0.0005,32
MAPPO,354,25.35,2.2014,,94.0,20.79,0.0005,32
QMIX,355,26.35,12.9387,0.3255,91.48,22.4,0.0005,32
MAPPO,355,22.87,8.1525,,92.78,18.75,0.0005,32
QMIX,356,24.84,8.3547,0.3236,87.19,21.12,0.0005,32
MAPPO,356,25.86,8.8879,,88.1,21.21,0.0005,32
QMIX,357,26.36,7.7285,0.3217,91.58,22.41,0.0005,32
MAPPO,357,23.62,6.3366,,86.99,19.37,0.0005,32
QMIX,358,25.95,10.671,0.3198,93.61,22.06,0.0005,32
MAPPO,358,25.7,9.3075,,94.62,21.07,0.0005,32
QMIX,359,26.89,8.3094,0.3179,89.63,22.86,0.0005,32
MAPPO,359,28.13,12.1492,,89.85,23.07,0.0005,32
QMIX,360,25.13,10.9747,0.316,93.2,21.36,0.0005,32
MAPPO,360,26.47,10.3112,,93.55,21.71,0.0005,32
QMIX,361,27.2,9.9665,0.3141,92.79,23.12,0.0005,32
MAPPO,361,26.4,3.5127,,92.44,21.65,0.0005,32
QMIX,362,28.76,6.0384,0.3122,94.07,24.45,0.0005,32
MAPPO,362,22.59,0.2806,,98.72,18.52,0.0005,32
QMIX,363,26.25,12.9514,0.3103,93.11,22.31,0.0005,32
MAPPO,363,26.67,4.8786,,90.62,21.87,0.0005,32
QMIX,364,27.04,13.4798,0.3084,90.8,22.98,0.0005,32
MAPPO,364,24.63,3.02,,93.38,20.2,0.0005,32
QMIX,365,27.48,8.0023,0.3065,95.44,23.36,0.0005,32
MAPPO,365,21.8,10.5055,,93.96,17.88,0.0005,32
QMIX,366,25.82,8.4829,0.3046,92.57,21.94,0.0005,32
MAPPO,366,28.37,5.3003,,91.35,23.27,0.0005,32
QMIX,367,26.78,9.9736,0.3027,92.86,22.76,0.0005,32
MAPPO,367,25.21,3.3292,,92.35,20.67,0.0005,32
QMIX,368,26.46,10.0536,0.3008,90.95,22.49,0.0005,32
MAPPO,368,25.8,10.0854,,90.53,21.16,0.0005,32
QMIX,369,26.6,10.7533,0.2989,92.01,22.61,0.0005,32
MAPPO,369,26.67,7.6511,,90.78,21.87,0.0005,32
QMIX,370,25.27,13.7608,0.297,91.09,21.48,0.0005,32
MAPPO,370,28.26,5.2349,,91.47,23.17,0.0005,32
QMIX,371,26.49,8.818,0.2951,92.62,22.52,0.0005,32
MAPPO,371,24.21,12.9172,,93.29,19.86,0.0005,32
QMIX,372,27.22,7.3971,0.2932,96.63,23.14,0.0005,32
MAPPO,372,28.66,7.937,,94.79,23.5,0.0005,32
QMIX,373,28.68,6.0698,0.2913,90.11,24.38,0.0005,32
MAPPO,373,25.65,2.1837,,87.96,21.03,0.0005,32
QMIX,374,27.93,7.4962,0.2894,89.61,23.74,0.0005,32
MAPPO,374,24.12,1.8322,,94.54,19.78,0.0005,32
QMIX,375,29.76,9.0302,0.2875,96.16,25.3,0.0005,32
MAPPO,375,25.96,3.8869,,93.27,21.29,0.0005,32
QMIX,376,25.31,13.0839,0.2856,92.62,21.51,0.0005,32
MAPPO,376,24.47,9.8434,,94.61,20.06,0.0005,32
QMIX,377,27.81,7.8953,0.2837,91.66,23.64,0.0005,32
MAPPO,377,25.54,11.639,,89.0,20.94,0.0005,32
QMIX,378,26.77,9.5216,0.2818,95.29,22.75,0.0005,32
MAPPO,378,28.77,6.253,,88.55,23.59,0.0005,32
QMIX,379,29.83,8.9597,0.2799,91.82,25.36,0.0005,32
MAPPO,379,21.96,4.6249,,91.47,18.0,0.0005,32
QMIX,380,25.26,11.6123,0.278,96.97,21.47,0.0005,32
MAPPO,380,25.89,8.5822,,89.43,21.23,0.0005,32
QMIX,381,25.22,14.5569,0.2761,94.56,21.43,0.0005,32
MAPPO,381,25.72,10.6326,,90.81,21.09,0.0005,32
QMIX,382,25.59,7.739,0.2742,92.12,21.75,0.0005,32
MAPPO,382,25.13,1.0597,,91.43,20.6,0.0005,32
QMIX,383,23.27,7.806,0.2723,97.71,19.78,0.0005,32
MAPPO,383,24.83,5.1133,,96.78,20.36,0.0005,32
QMIX,384,25.71,11.178,0.2704,91.9,21.85,0.0005,32
MAPPO,384,27.13,8.2896,,94.55,22.25,0.0005,32
QMIX,385,25.36,10.3484,0.2685,94.75,21.55,0.0005,32
MAPPO,385,24.55,9.1521,,92.97,20.13,0.0005,32
QMIX,386,26.75,12.8965,0.2666,93.83,22.74,0.0005,32
MAPPO,386,19.96,4.8916,,87.04,16.37,0.0005,32
QMIX,387,27.04,10.0784,0.2647,95.96,22.99,0.0005,32
MAPPO,387,22.74,7.3322,,97.44,18.65,0.0005,32
QMIX,388,29.39,7.9707,0.2628,96.51,24.98,0.0005,32
MAPPO,388,25.15,10.6372,,85.81,20.62,0.0005,32
QMIX,389,27.98,10.0406,0.2609,93.31,23.78,0.0005,32
MAPPO,389,27.59,0.1,,90.37,22.62,0.0005,32
QMIX,390,25.66,11.1555,0.259,91.67,21.81,0.0005,32
MAPPO,390,26.89,8.1288,,93.97,22.05,0.0005,32
QMIX,391,25.17,10.4944,0.2571,94.24,21.4,0.0005,32
MAPPO,391,21.45,10.8356,,99.11,17.59,0.0005,32
QMIX,392,27.29,9.7797,0.2552,91.86,23.2,0.0005,32
MAPPO,392,26.89,4.0148,,93.82,22.05,0.0005,32
QMIX,393,24.54,10.983,0.2533,97.52,20.86,0.0005,32
MAPPO,393,26.0,3.7697,,90.71,21.32,0.0005,32
QMIX,394,29.34,11.182,0.2514,93.6,24.94,0.0005,32
MAPPO,394,24.73,2.5798,,88.9,20.28,0.0005,32
QMIX,395,28.35,11.6224,0.2495,92.56,24.1,0.0005,32
MAPPO,395,24.77,5.8221,,97.24,20.31,0.0005,32
QMIX,396,25.84,9.9891,0.2476,93.72,21.97,0.0005,32
MAPPO,396,26.97,7.8774,,90.56,22.11,0.0005,32
QMIX,397,23.96,8.1786,0.2457,90.53,20.36,0.0005,32
MAPPO,397,26.38,3.074,,97.72,21.63,0.0005,32
QMIX,398,28.62,8.8416,0.2438,91.33,24.33,0.0005,32
MAPPO,398,23.77,7.8646,,94.26,19.49,0.0005,32
QMIX,399,26.39,11.1336,0.2419,95.89,22.44,0.0005,32
MAPPO,399,23.61,10.3097,,92.7,19.36,0.0005,32
QMIX,400,28.45,6.6907,0.24,92.01,24.19,0.0005,32
MAPPO,400,26.02,9.7163,,93.98,21.34,0.0005,32
QMIX,401,24.15,9.2553,0.2381,91.21,20.53,0.0005,32
MAPPO,401,29.51,12.2155,,95.58,24.2,0.0005,32
QMIX,402,25.67,7.5709,0.2362,94.53,21.82,0.0005,32
MAPPO,402,27.91,7.2311,,94.07,22.88,0.0005,32
QMIX,403,26.59,8.468,0.2343,95.9,22.6,0.0005,32
MAPPO,403,27.0,6.3634,,86.55,22.14,0.0005,32
QMIX,404,26.66,11.1646,0.2324,94.94,22.66,0.0005,32
MAPPO,404,23.67,9.2297,,95.37,19.41,0.0005,32
QMIX,405,25.91,8.7758,0.2305,95.53,22.02,0.0005,32
MAPPO,405,24.17,2.3063,,84.97,19.82,0.0005,32
QMIX,406,27.54,8.4388,0.2286,91.88,23.41,0.0005,32
MAPPO,406,27.14,2.3909,,92.57,22.25,0.0005,32
QMIX,407,24.97,5.3638,0.2267,90.51,21.23,0.0005,32
MAPPO,407,27.42,3.9515,,89.25,22.48,0.0005,32
QMIX,408,26.38,9.9124,0.2248,96.61,22.43,0.0005,32
MAPPO,408,24.19,2.0334,,90.11,19.84,0.0005,32
QMIX,409,26.79,9.6709,0.2229,92.82,22.77,0.0005,32
MAPPO,409,25.48,8.0395,,89.97,20.89,0.0005,32
QMIX,410,27.39,12.9351,0.221,92.98,23.28,0.0005,32
MAPPO,410,24.14,6.1612,,90.63,19.79,0.0005,32
QMIX,411,27.69,7.5625,0.2191,96.28,23.54,0.0005,32
MAPPO,411,24.66,3.9961,,92.59,20.22,0.0005,32
QMIX,412,24.91,8.681,0.2172,94.69,21.17,0.0005,32
MAPPO,412,27.84,0.1,,90.4,22.83,0.0005,32
QMIX,413,24.29,8.7246,0.2153,94.49,20.65,0.0005,32
MAPPO,413,25.26,2.3841,,93.6,20.71,0.0005,32
QMIX,414,28.56,11.5707,0.2134,98.05,24.27,0.0005,32
MAPPO,414,23.96,10.0539,,90.64,19.65,0.0005,32
QMIX,415,27.13,7.9379,0.2115,92.22,23.06,0.0005,32
MAPPO,415,22.85,11.5761,,83.52,18.74,0.0005,32
QMIX,416,25.49,8.7243,0.2096,95.5,21.67,0.0005,32
MAPPO,416,25.53,10.9411,,87.51,20.94,0.0005,32
QMIX,417,28.98,9.4117,0.2077,93.7,24.63,0.0005,32
MAPPO,417,25.21,6.2846,,89.61,20.67,0.0005,32
QMIX,418,26.81,8.4831,0.2058,94.15,22.79,0.0005,32
MAPPO,418,28.73,1.765,,89.96,23.56,0.0005,32
QMIX,419,28.42,7.1004,0.2039,96.78,24.16,0.0005,32
MAPPO,419,24.12,3.3451,,89.26,19.78,0.0005,32
QMIX,420,26.74,8.4578,0.202,94.67,22.73,0.0005,32
MAPPO,420,23.92,7.7435,,90.36,19.61,0.0005,32
QMIX,421,29.76,10.327,0.2001,94.74,25.3,0.0005,32
MAPPO,421,27.09,12.5574,,93.38,22.22,0.0005,32
QMIX,422,29.3,5.7963,0.1982,95.86,24.91,0.0005,32
MAPPO,422,26.27,7.8253,,91.97,21.55,0.0005,32
QMIX,423,26.27,8.2656,0.1963,92.89,22.33,0.0005,32
MAPPO,423,25.83,5.3497,,95.7,21.18,0.0005,32
QMIX,424,28.12,6.4594,0.1944,91.92,23.9,0.0005,32
MAPPO,424,26.16,5.776,,91.21,21.45,0.0005,32
QMIX,425,27.63,10.5014,0.1925,91.5,23.49,0.0005,32
MAPPO,425,24.92,1.5307,,88.72,20.43,0.0005,32
QMIX,426,28.73,4.6598,0.1906,89.61,24.42,0.0005,32
MAPPO,426,26.0,0.934,,92.33,21.32,0.0005,32
QMIX,427,25.2,6.7059,0.1887,97.95,21.42,0.0005,32
MAPPO,427,27.38,3.1928,,92.16,22.45,0.0005,32
QMIX,428,27.7,8.6892,0.1868,91.42,23.54,0.0005,32
MAPPO,428,23.6,4.8552,,94.98,19.35,0.0005,32
QMIX,429,28.27,11.209,0.1849,93.25,24.03,0.0005,32
MAPPO,429,27.63,2.0248,,90.86,22.65,0.0005,32
QMIX,430,24.0,7.704,0.183,93.15,20.4,0.0005,32
MAPPO,430,27.99,10.4803,,95.62,22.95,0.0005,32
QMIX,431,24.88,6.6405,0.1811,94.36,21.15,0.0005,32
MAPPO,431,24.81,2.6597,,88.12,20.35,0.0005,32
QMIX,432,23.59,11.8192,0.1792,95.42,20.05,0.0005,32
MAPPO,432,31.66,4.5552,,91.09,25.96,0.0005,32
QMIX,433,26.27,4.7014,0.1773,95.53,22.33,0.0005,32
MAPPO,433,29.63,2.5151,,92.6,24.3,0.0005,32
QMIX,434,27.76,3.0853,0.1754,92.55,23.6,0.0005,32
MAPPO,434,22.45,1.6059,,99.5,18.41,0.0005,32
QMIX,435,28.95,8.688,0.1735,93.42,24.61,0.0005,32
MAPPO,435,27.9,2.7062,,94.72,22.88,0.0005,32
QMIX,436,26.79,6.6646,0.1716,94.36,22.78,0.0005,32
MAPPO,436,27.37,10.1466,,87.91,22.44,0.0005,32
QMIX,437,29.15,5.5431,0.1697,93.27,24.78,0.0005,32
MAPPO,437,23.69,6.87,,94.21,19.43,0.0005,32
QMIX,438,24.6,9.2021,0.1678,97.11,20.91,0.0005,32
MAPPO,438,26.89,5.0738,,97.26,22.05,0.0005,32
QMIX,439,24.11,8.1966,0.1659,94.82,20.5,0.0005,32
MAPPO,439,24.92,4.3308,,90.73,20.44,0.0005,32
QMIX,440,26.61,6.4636,0.164,95.33,22.62,0.0005,32
MAPPO,440,27.66,8.7878,,93.39,22.68,0.0005,32
QMIX,441,27.28,4.9271,0.1621,95.19,23.19,0.0005,32
MAPPO,441,23.92,5.8729,,99.2,19.62,0.0005,32
QMIX,442,26.65,9.4756,0.1602,96.25,22.65,0.0005,32
MAPPO,442,23.89,4.1326,,97.99,19.59,0.0005,32
QMIX,443,23.58,8.9861,0.1583,94.21,20.04,0.0005,32
MAPPO,443,29.65,6.3207,,90.33,24.31,0.0005,32
QMIX,444,26.57,7.3809,0.1564,91.18,22.58,0.0005,32
MAPPO,444,25.95,2.0266,,90.5,21.28,0.0005,32
QMIX,445,24.73,11.4827,0.1545,94.68,21.02,0.0005,32
MAPPO,445,27.43,3.6907,,96.98,22.49,0.0005,32
QMIX,446,27.72,5.2927,0.1526,92.53,23.56,0.0005,32
MAPPO,446,27.85,9.0409,,96.01,22.84,0.0005,32
QMIX,447,27.26,4.314,0.1507,92.79,23.17,0.0005,32
MAPPO,447,25.61,10.876,,88.8,21.0,0.0005,32
QMIX,448,25.29,6.0605,0.1488,95.09,21.5,0.0005,32
MAPPO,448,25.04,1.7113,,94.41,20.53,0.0005,32
QMIX,449,25.94,7.4097,0.1469,96.44,22.05,0.0005,32
MAPPO,449,26.9,4.3107,,97.32,22.06,0.0005,32
QMIX,450,25.12,8.0031,0.145,93.95,21.35,0.0005,32
MAPPO,450,29.46,5.4917,,99.5,24.16,0.0005,32
QMIX,451,26.63,6.9638,0.1431,94.54,22.63,0.0005,32
MAPPO,451,26.2,4.4236,,89.67,21.48,0.0005,32
QMIX,452,28.17,8.1988,0.1412,97.42,23.94,0.0005,32
MAPPO,452,26.74,7.9638,,90.43,21.93,0.0005,32
QMIX,453,25.24,4.8021,0.1393,94.42,21.45,0.0005,32
MAPPO,453,25.52,1.5059,,97.71,20.92,0.0005,32
QMIX,454,27.49,10.4655,0.1374,99.28,23.37,0.0005,32
MAPPO,454,26.58,5.9048,,89.3,21.8,0.0005,32
QMIX,455,25.93,7.2348,0.1355,95.1,22.04,0.0005,32
MAPPO,455,24.89,7.4203,,92.2,20.41,0.0005,32
QMIX,456,25.53,9.7432,0.1336,90.34,21.7,0.0005,32
MAPPO,456,26.63,10.2972,,92.06,21.83,0.0005,32
QMIX,457,26.57,8.0968,0.1317,95.5,22.59,0.0005,32
MAPPO,457,27.87,0.8378,,90.41,22.86,0.0005,32
QMIX,458,25.17,8.3204,0.1298,94.75,21.4,0.0005,32
MAPPO,458,28.77,4.3946,,90.19,23.59,0.0005,32
QMIX,459,25.9,8.5418,0.1279,96.62,22.02,0.0005,32
MAPPO,459,27.78,5.6764,,89.61,22.78,0.0005,32
QMIX,460,24.93,8.2692,0.126,95.36,21.19,0.0005,32
MAPPO,460,26.82,4.1124,,91.63,21.99,0.0005,32
QMIX,461,29.71,8.6627,0.1241,93.71,25.25,0.0005,32
MAPPO,461,29.86,1.751,,91.04,24.49,0.0005,32
QMIX,462,26.8,10.0872,0.1222,91.49,22.78,0.0005,32
MAPPO,462,25.78,0.4364,,90.3,21.14,0.0005,32
QMIX,463,25.69,7.6949,0.1203,93.58,21.84,0.0005,32
MAPPO,463,25.55,7.515,,87.79,20.95,0.0005,32
QMIX,464,27.07,8.754,0.1184,92.27,23.01,0.0005,32
MAPPO,464,22.25,6.4342,,97.69,18.24,0.0005,32
QMIX,465,26.58,7.0644,0.1165,92.83,22.59,0.0005,32
MAPPO,465,26.56,8.4183,,94.14,21.78,0.0005,32
QMIX,466,26.42,10.2541,0.1146,95.23,22.46,0.0005,32
MAPPO,466,27.26,1.898,,93.44,22.35,0.0005,32
QMIX,467,27.68,5.8064,0.1127,97.45,23.53,0.0005,32
MAPPO,467,28.15,2.9691,,95.39,23.09,0.0005,32
QMIX,468,27.9,10.9768,0.1108,94.85,23.71,0.0005,32
MAPPO,468,25.69,9.9119,,89.6,21.07,0.0005,32
QMIX,469,25.96,7.1092,0.1089,91.6,22.07,0.0005,32
MAPPO,469,30.57,7.384,,92.61,25.07,0.0005,32
QMIX,470,25.89,4.1869,0.107,94.97,22.01,0.0005,32
MAPPO,470,27.69,6.9856,,97.12,22.71,0.0005,32
QMIX,471,26.35,7.4319,0.1051,96.51,22.4,0.0005,32
MAPPO,471,23.79,6.4858,,96.92,19.51,0.0005,32
QMIX,472,23.29,5.7269,0.1032,92.83,19.8,0.0005,32
MAPPO,472,26.71,0.1,,91.83,21.9,0.0005,32
QMIX,473,24.48,8.891,0.1013,93.81,20.81,0.0005,32
MAPPO,473,25.89,8.0611,,95.16,21.23,0.0005,32
QMIX,474,28.83,5.759,0.0994,94.12,24.51,0.0005,32
MAPPO,474,28.6,0.1,,92.38,23.45,0.0005,32
QMIX,475,29.25,6.1762,0.0975,92.49,24.86,0.0005,32
MAPPO,475,26.02,2.4802,,94.22,21.33,0.0005,32
QMIX,476,26.4,3.1523,0.0956,95.43,22.44,0.0005,32
MAPPO,476,24.26,5.4883,,93.05,19.89,0.0005,32
QMIX,477,27.64,6.1363,0.0937,93.86,23.5,0.0005,32
MAPPO,477,26.56,5.0768,,85.33,21.78,0.0005,32
QMIX,478,27.25,2.0142,0.0918,94.97,23.16,0.0005,32
MAPPO,478,24.84,3.1547,,97.68,20.37,0.0005,32
QMIX,479,31.42,3.7523,0.0899,92.31,26.71,0.0005,32
MAPPO,479,22.42,4.4062,,94.55,18.38,0.0005,32
QMIX,480,28.47,8.6215,0.088,93.24,24.2,0.0005,32
MAPPO,480,24.24,4.1487,,90.41,19.87,0.0005,32
QMIX,481,26.59,8.6602,0.0861,95.61,22.6,0.0005,32
MAPPO,481,26.23,6.1154,,91.82,21.51,0.0005,32
QMIX,482,25.34,7.8964,0.0842,93.38,21.54,0.0005,32
MAPPO,482,24.83,5.8941,,92.34,20.36,0.0005,32
QMIX,483,24.36,4.9866,0.0823,97.67,20.71,0.0005,32
MAPPO,483,28.54,4.9363,,95.33,23.4,0.0005,32
QMIX,484,27.09,6.8853,0.0804,93.34,23.03,0.0005,32
MAPPO,484,23.28,5.8254,,96.2,19.09,0.0005,32
QMIX,485,25.65,6.9638,0.0785,94.62,21.8,0.0005,32
MAPPO,485,24.38,5.2328,,96.0,19.99,0.0005,32
QMIX,486,24.65,4.5517,0.0766,96.07,20.95,0.0005,32
MAPPO,486,23.92,5.315,,95.11,19.62,0.0005,32
QMIX,487,25.82,10.0673,0.0747,91.28,21.95,0.0005,32
MAPPO,487,26.26,5.7602,,89.28,21.53,0.0005,32
QMIX,488,25.16,8.7536,0.0728,90.59,21.39,0.0005,32
MAPPO,488,28.69,3.9356,,94.84,23.53,0.0005,32
QMIX,489,29.34,6.4609,0.0709,91.08,24.94,0.0005,32
MAPPO,489,25.96,3.9891,,93.98,21.29,0.0005,32
QMIX,490,28.13,6.9624,0.069,96.76,23.91,0.0005,32
MAPPO,490,25.53,7.4492,,92.25,20.94,0.0005,32
QMIX,491,26.79,7.3261,0.0671,93.07,22.77,0.0005,32
MAPPO,491,28.43,2.4302,,92.3,23.32,0.0005,32
QMIX,492,29.03,2.6489,0.0652,99.41,24.68,0.0005,32
MAPPO,492,30.56,0.9178,,95.39,25.06,0.0005,32
QMIX,493,26.92,6.3567,0.0633,93.06,22.88,0.0005,32
MAPPO,493,26.72,6.0283,,95.0,21.91,0.0005,32
QMIX,494,25.51,5.4437,0.0614,94.59,21.68,0.0005,32
MAPPO,494,22.06,5.8036,,92.64,18.09,0.0005,32
QMIX,495,29.1,4.77,0.0595,97.36,24.74,0.0005,32
MAPPO,495,23.41,7.626,,86.84,19.2,0.0005,32
QMIX,496,27.62,6.25,0.0576,98.31,23.48,0.0005,32
MAPPO,496,27.02,4.53,,87.42,22.16,0.0005,32
QMIX,497,25.25,10.5399,0.0557,98.43,21.46,0.0005,32
MAPPO,497,26.68,4.9499,,88.15,21.88,0.0005,32
QMIX,498,26.52,8.1334,0.0538,96.7,22.55,0.0005,32
MAPPO,498,21.66,3.4987,,92.5,17.76,0.0005,32
QMIX,499,25.49,5.6144,0.0519,96.33,21.67,0.0005,32
MAPPO,499,26.96,0.1,,93.93,22.11,0.0005,32
QMIX,500,24.73,7.9674,0.05,95.46,21.02,0.0005,32
MAPPO,500,27.22,3.6518,,94.82,22.32,0.0005,32
